-- Load sample CUSTOMERS
INSERT INTO CUSTOMERS (CUSTOMER_ID, CUSTOMER_NAME, EMAIL, PHONE, CITY, STATE, ZIP_CODE)
VALUES (1, 'John Doe', 'john.doe@email.com', '555-0001', 'New York', 'NY', '10001');

INSERT INTO CUSTOMERS (CUSTOMER_ID, CUSTOMER_NAME, EMAIL, PHONE, CITY, STATE, ZIP_CODE)
VALUES (2, 'Jane Smith', 'jane.smith@email.com', '555-0002', 'Los Angeles', 'CA', '90001');

INSERT INTO CUSTOMERS (CUSTOMER_ID, CUSTOMER_NAME, EMAIL, PHONE, CITY, STATE, ZIP_CODE)
VALUES (3, 'Bob Johnson', 'bob.johnson@email.com', '555-0003', 'Chicago', 'IL', '60601');

INSERT INTO CUSTOMERS (CUSTOMER_ID, CUSTOMER_NAME, EMAIL, PHONE, CITY, STATE, ZIP_CODE)
VALUES (4, 'Alice Williams', 'alice.williams@email.com', '555-0004', 'Houston', 'TX', '77001');

INSERT INTO CUSTOMERS (CUSTOMER_ID, CUSTOMER_NAME, EMAIL, PHONE, CITY, STATE, ZIP_CODE)
VALUES (5, 'Charlie Brown', 'charlie.brown@email.com', '555-0005', 'Phoenix', 'AZ', '85001');

-- Load sample ORDERS
INSERT INTO ORDERS (ORDER_ID, CUSTOMER_NAME, ORDER_DATE, TOTAL_AMOUNT, STATUS)
VALUES (1, 'John Doe', SYSTIMESTAMP, 1500.00, 'PENDING');

INSERT INTO ORDERS (ORDER_ID, CUSTOMER_NAME, ORDER_DATE, TOTAL_AMOUNT, STATUS)
VALUES (2, 'Jane Smith', SYSTIMESTAMP, 2300.00, 'SHIPPED');

INSERT INTO ORDERS (ORDER_ID, CUSTOMER_NAME, ORDER_DATE, TOTAL_AMOUNT, STATUS)
VALUES (3, 'Bob Johnson', SYSTIMESTAMP, 890.00, 'DELIVERED');

INSERT INTO ORDERS (ORDER_ID, CUSTOMER_NAME, ORDER_DATE, TOTAL_AMOUNT, STATUS)
VALUES (4, 'Alice Williams', SYSTIMESTAMP, 3200.00, 'PENDING');

INSERT INTO ORDERS (ORDER_ID, CUSTOMER_NAME, ORDER_DATE, TOTAL_AMOUNT, STATUS)
VALUES (5, 'Charlie Brown', SYSTIMESTAMP, 1750.00, 'PROCESSING');

-- Load sample ORDER_ITEMS
INSERT INTO ORDER_ITEMS (ITEM_ID, ORDER_ID, PRODUCT_NAME, QUANTITY, PRICE)
VALUES (100, 1, 'Laptop', 1, 1200.00);

INSERT INTO ORDER_ITEMS (ITEM_ID, ORDER_ID, PRODUCT_NAME, QUANTITY, PRICE)
VALUES (101, 1, 'Mouse', 2, 150.00);

INSERT INTO ORDER_ITEMS (ITEM_ID, ORDER_ID, PRODUCT_NAME, QUANTITY, PRICE)
VALUES (102, 2, 'Monitor', 2, 800.00);

INSERT INTO ORDER_ITEMS (ITEM_ID, ORDER_ID, PRODUCT_NAME, QUANTITY, PRICE)
VALUES (103, 2, 'Keyboard', 3, 250.00);

INSERT INTO ORDER_ITEMS (ITEM_ID, ORDER_ID, PRODUCT_NAME, QUANTITY, PRICE)
VALUES (104, 3, 'Headphones', 1, 450.00);

INSERT INTO ORDER_ITEMS (ITEM_ID, ORDER_ID, PRODUCT_NAME, QUANTITY, PRICE)
VALUES (105, 3, 'Webcam', 2, 220.00);

INSERT INTO ORDER_ITEMS (ITEM_ID, ORDER_ID, PRODUCT_NAME, QUANTITY, PRICE)
VALUES (106, 4, 'Desk', 1, 1800.00);

INSERT INTO ORDER_ITEMS (ITEM_ID, ORDER_ID, PRODUCT_NAME, QUANTITY, PRICE)
VALUES (107, 4, 'Chair', 2, 700.00);

INSERT INTO ORDER_ITEMS (ITEM_ID, ORDER_ID, PRODUCT_NAME, QUANTITY, PRICE)
VALUES (108, 5, 'Tablet', 3, 500.00);

INSERT INTO ORDER_ITEMS (ITEM_ID, ORDER_ID, PRODUCT_NAME, QUANTITY, PRICE)
VALUES (109, 5, 'Stylus', 5, 50.00);

COMMIT;

-- Display record counts
SELECT 'CUSTOMERS' AS TABLE_NAME, COUNT(*) AS RECORD_COUNT FROM CUSTOMERS
UNION ALL
SELECT 'ORDERS', COUNT(*) FROM ORDERS
UNION ALL
SELECT 'ORDER_ITEMS', COUNT(*) FROM ORDER_ITEMS;

EXIT;
